{"best_red_score": 10526.754452579604, "best_blue_score": 11016.488200352826}